session_id,user_id,label,scenario,mouse_velocity_mean,mouse_velocity_variance,mouse_acceleration_variance,click_interval_std,typing_speed_mean,typing_speed_variance,key_hold_time_mean,navigation_entropy,page_transition_pattern,dwell_time_per_page
7fc80156-b8f4-470f-aa8e-34ef55895764,charlie,0,normal,905.6768964672731,31608.692213097864,75586.02588798733,2.3617656561084805,3.8274387918050214,1.4313881747782264,0.09095718948865408,1.5,1.0,6.799253731966019
214d46e6-b5f3-4b3b-bc91-3c7fb646320e,bravo,0,normal,611.5283466000008,11388.931333973154,59328.62733239009,3.046439387617437,3.0395313214281314,0.8005056546121269,0.09789366550784509,1.5,1.0,7.988058120012283
9f8cdb63-8adc-4431-ab34-c72286d28cc9,bravo,0,normal,584.5575282569569,16118.774778181942,52304.31359133387,3.214959030165185,2.887047640043532,0.6077246620446204,0.09911926644282182,1.5,1.0,8.568946927785873
1d5fcf10-a955-4191-9108-4e4d4a52808d,charlie,0,normal,897.4353748820827,30778.984073017353,71424.17700444844,2.175919345780028,3.8706314699659914,1.4122535634315423,0.0894934004870438,1.5,1.0,6.641711622476578
651fea7f-cb12-4e16-a169-b8d40e5ac45f,alice,0,normal,767.739572474662,18139.804804904765,65463.08412058686,2.854439433003485,3.2969127318030216,0.9010561475342495,0.10937053221167327,1.5,1.0,7.0979379415512085
71c16fe2-2757-4534-ba6c-8c6153af470c,bravo,0,normal,628.5076236268173,15949.552544635893,73715.84510649263,2.9792938699675555,2.92153156071873,0.5783198434674679,0.0994497124225338,1.5,1.0,7.928828477859497
4092f604-2596-4b09-bf11-f85d3023c02f,alice,0,normal,772.3087807777712,17444.067131603388,51767.125416016934,2.698870203530618,3.3198346278615154,0.9423977809814822,0.10810298377941724,1.5,1.0,6.936813473701477
aa91a473-4b92-49d9-9578-d344c1397266,charlie,0,normal,898.96448917855,32268.97097135738,40401.935725533265,2.5953075588688588,3.6096846248803103,0.9797755284909047,0.08731621625303272,1.5,1.0,7.156528651714325
83766bfa-c0e0-4c4d-9a4c-ef3c38753f38,bravo,0,normal,630.8336648560355,16235.982352514759,58080.36736808006,3.0331740837426295,2.828103351708657,0.55365552186706,0.105242616484532,1.5,1.0,7.861764371395111
a639d2a3-f3c6-4f95-8f8b-79815a16c6b8,charlie,0,normal,893.5020541198667,28301.95669518509,62961.19051165052,2.377329128542551,3.679160920988846,1.187819530543863,0.09041729062640239,1.5,1.0,7.081533968448639
fd289dfa-cb63-4d58-af57-8d2d92d2112e,charlie,0,normal,887.5670115806582,26388.11440936286,49722.72854259786,2.252423349475585,3.8191267791250576,1.5810200247262283,0.0890585437853143,1.5,1.0,6.589574575424194
b1545f92-85d4-46cb-8062-fa371cc10ada,bravo,0,normal,614.4976311973334,13400.891412776115,67542.99752438223,3.199749893434824,2.996669602784303,0.7080961078782959,0.1007410539558475,1.5,1.0,8.338944673538208
9bd16e60-5957-4cf1-b47d-d9a3d2d626e4,charlie,0,normal,914.1017925199014,38328.98293211663,57777.14653619494,2.3463948102203838,3.745740069843794,1.3826388367560312,0.09106893766212151,1.5,1.0,6.9931142926216125
110c1a74-ff2a-447e-85f3-625ae0b88791,alice,0,normal,739.5477082667442,20176.326838786434,67749.66848737352,2.8938087993990345,3.2179526509647407,0.7677322759489266,0.10749301937960935,1.5,1.0,7.260592103004456
6bd2979c-d41d-4316-816b-3a40681672dc,bravo,0,normal,607.3603890880278,16740.452135602874,61589.310092269676,2.706832466635749,2.9743257032266297,0.7229503333165372,0.09729746510151734,1.5,1.0,7.438904792070389
f660a19a-b1b0-45a6-b71b-8a5afce2ccae,bravo,0,normal,637.8160947204781,19667.821413294998,49889.79878811736,2.882697251876907,2.924730854553036,0.6085865064213996,0.1008170265038353,1.5,1.0,8.05409300327301
82992b65-bfe4-43b4-903a-403db06e3719,charlie,0,normal,866.1381940752907,25801.932405377374,65902.23724466022,2.4160571336969143,3.7726331523180194,1.4546282494342166,0.0915109478408384,1.5,1.0,6.664455324411392
f9d46320-6430-47cd-94c6-dfec8374bd10,bravo,0,normal,628.1532285073233,14628.708157925523,70716.91306388701,3.2550811929383308,2.886173147016423,0.6328428807984473,0.10055307388845705,1.5,1.0,8.42387780547142
e486c5e0-070a-45af-9985-a01b06c41812,charlie,0,normal,874.4771204277172,29902.911325606903,72013.1048819818,2.345932844178343,3.9104123446873347,1.358456903997563,0.08302185481730985,1.5,1.0,6.650413990020752
84605b56-1e46-482b-a30f-bd094c846755,charlie,0,normal,905.5358815458185,25807.516525315783,49753.62843430073,2.10042270519548,3.713875335073295,1.1960812659045907,0.08879983008378307,1.5,1.0,6.7809374034404755
5e9c0e2f-a3c7-4e87-aaab-fe1b3edca186,bravo,0,normal,587.2470341398746,14355.149526826268,69494.45343662477,3.0735185895456496,2.9470745288105142,0.7136062969784601,0.1007675414145274,1.5,1.0,7.841507792472839
fa98b3fd-2d3a-439a-ad15-9586cc8374a4,charlie,0,normal,882.1195643718711,30453.46871613848,62464.19553679149,2.286323080866042,3.855394509769993,1.3935476177632153,0.08825594129109218,1.5,1.0,6.640559256076813
a7e952c9-6e90-4052-bc4a-e2d474e485cf,alice,0,normal,766.9826198545593,15214.675554762565,69550.14639297324,2.8630242807745234,3.1001918423276793,0.7830026726419699,0.11395303966593429,1.5,1.0,7.386857658624649
7efc67ee-305e-4c93-97ab-4504ef2e9993,bravo,0,normal,614.2066483451825,16745.216238604462,42546.1270788526,3.0778872844391727,2.8394653062498483,0.5034942012908188,0.09753861673907438,1.5,1.0,8.15470266342163
d886d645-092d-466e-ba10-beb6a57d03c2,alice,0,normal,753.6474588780262,18114.885624217044,65498.911528879806,2.9380801958325513,3.1822716338326873,0.8148391187597369,0.11425339388164336,1.5,1.0,7.252352923154831
058b5291-af06-498b-83f8-02ff5ec7a1e6,alice,0,normal,739.6450696949605,20094.328795325757,70362.62475081513,2.5476539908806206,3.1875631058490463,0.7818364469402189,0.11361617547261224,1.5,1.0,7.0852300226688385
9368e508-83dd-4773-aeca-2ea393a8d69c,charlie,0,normal,887.2134042395253,28072.155036929875,44954.74632758599,2.4547798049690703,3.741582474294527,1.0855748024640033,0.08788587585516584,1.5,1.0,6.977725446224213
e59c5f2c-3e86-4c19-af81-5d68389efff6,alice,0,normal,757.8545275174747,15367.989722769147,46337.042623817266,2.7004799420189975,3.334372134678544,0.9195045499479304,0.10679921472956304,1.5,1.0,7.082166254520416
70eeb188-fb63-4173-a5f6-5d4a58ea9357,charlie,0,normal,878.8150962615133,33245.03429764787,61446.74161531527,2.5749697180652107,3.6955193409584832,1.0814037403455523,0.09331771934285553,1.5,1.0,7.103224068880081
269aa3bf-0434-46d3-8c9b-81010d1c0b7e,charlie,0,normal,876.6783702188292,22517.782494643892,60736.058213888035,2.27599921061167,3.7924648723592087,1.1057602446361032,0.08814281563873304,1.5,1.0,6.762113153934479
f67651d1-8a80-4220-a1f3-45912cc6bfc2,bravo,0,normal,598.5585286841979,12469.111674376622,50680.690633305756,2.9981984753396937,2.931909136584025,0.6335390559391402,0.10053603755415048,1.5,1.0,8.164685666561127
859c6c40-2bd8-4b06-a43e-6e22c9324b85,charlie,0,normal,914.7902496482703,34979.89082934576,62994.93566674779,2.2574597168715504,3.61921035655172,1.0836537365437604,0.08870283406281271,1.5,1.0,6.666202157735825
9baeacd0-97ff-4cb5-98b7-916e74b7eea7,charlie,0,normal,897.0410713723227,31195.076325214693,60174.33281186239,2.206564557905587,3.8072040558780396,1.3092096388054735,0.0851891074189379,1.5,1.0,6.467448323965073
0258d2c9-d189-4ef2-ad1a-935e286e8898,charlie,0,normal,896.0941878717455,29954.505535428838,73992.2876066213,2.5451087352682853,3.6092107804559905,0.9822643174876666,0.08666529184244208,1.5,1.0,7.373134136199951
6286fbaa-78b2-43e3-8cc7-2faeb0f5f339,alice,0,normal,728.9466530000766,16764.18787269614,67049.81554829962,2.700428767024141,3.290919840466694,0.8490236857003891,0.10990177284035375,1.5,1.0,7.039568603038788
56a99224-5416-4758-837a-478190fd6955,charlie,0,normal,909.5822130070595,32090.930893602526,64455.81054644117,2.1993652236987775,3.678466138895781,1.086916798781499,0.08977862098324876,1.5,1.0,6.73436626791954
13de85be-28dc-49aa-bf24-bcde8d91438f,bravo,0,normal,616.794093027484,10689.462687376643,48738.67007429652,3.1954357034676404,2.959241690220088,0.6803999752071633,0.09914355222314689,1.5,1.0,8.288996189832687
a7499cbc-1435-4a7d-bd60-f6483404761b,bravo,0,normal,634.6776952906517,17477.86915077993,58549.81998419105,2.91044441490835,2.9167039965099457,0.6620145322111536,0.10256443171384509,1.5,1.0,8.099055469036102
63f84ec8-084d-4403-964f-68cccfa100e3,charlie,0,normal,880.9559261053348,37903.5802208541,67252.43039761251,2.1700786774955523,3.838751662457731,1.5305379599655164,0.08870901516123583,1.5,1.0,6.593582302331924
c8a370dd-d1df-442e-aa66-8ea61b512af5,alice,0,normal,752.6997845247007,19230.753919336297,67422.42880747067,2.8456674704994214,3.335341377650194,0.8878026664414645,0.10568168904229767,1.5,1.0,7.201351523399353
35a1399f-151f-4465-916d-153cbffed938,charlie,0,normal,878.4177536608008,29241.36665982907,64077.579132098355,2.2932034109772133,3.825342469250478,1.3415735495020154,0.08751825837462643,1.5,1.0,6.977035969495773
97bd1a52-3792-4de5-98d3-33c39b0f0c94,bravo,0,normal,620.3963313845009,13889.526067585413,70836.135651301,2.768750302592713,2.9371826516290236,0.6786158066466967,0.09684912971696773,1.5,1.0,7.697656333446503
1914298b-f972-4e91-93ee-c2cf878da870,alice,0,normal,761.0457155491857,17015.117094736608,66764.26747841708,2.967052074955653,3.2274147580643864,0.8600203755366304,0.105876408521859,1.5,1.0,7.509289622306824
0cab1bac-180f-4f36-99ba-cc1c4eac4ce2,charlie,0,normal,854.1546125170596,26599.9425941623,67098.76573842962,2.077444146257949,3.848223392931068,1.4410928683727706,0.09306084969399392,1.5,1.0,6.307532727718353
1842cf4a-cc53-4d66-80c5-fe08b737658f,alice,0,normal,742.028866844275,17897.65213321234,55936.57712458798,2.8583117111374152,3.1848556332170626,0.9112068221516737,0.10721222276426713,1.5,1.0,7.11412450671196
8dc17ee8-0168-46d5-b0c3-1fe1fafcf3c3,charlie,0,normal,875.9934203326159,40084.96106873542,73901.88668312083,2.1553605835791516,3.7722823477577205,1.2230260456655684,0.08957986723051752,1.5,1.0,6.420138001441956
d2fe6eab-9e96-4657-bd52-036ff6ea323c,charlie,0,normal,877.4420823911977,33203.65897254632,80261.82094685991,2.529353492804553,3.721822063231228,1.1793737092317398,0.09009480800961467,1.5,1.0,7.404775679111481
ee5a72ab-5948-4754-8431-c4901f27f1e0,bravo,0,normal,607.5376904761866,18433.48796691483,60162.92775876157,3.1133225244787477,2.9013856981564983,0.6283967231806425,0.09814849750434662,1.5,1.0,8.11134883761406
200bc5fe-b73d-405a-9228-1d7d12c3a1fd,bravo,0,normal,626.7651767733543,13786.110779649158,52826.84437847776,2.950064138786301,2.9126097417718664,0.6138045221285295,0.1013642641560841,1.5,1.0,7.895756125450134
f292ccce-2ad3-416b-9724-381b559bdba9,alice,0,normal,765.6224257928524,17801.05240482411,53011.239625149086,2.716334179385663,3.1965627532235867,1.0973291262851672,0.11123798390569196,1.5,1.0,6.99115988612175
2b8e4f98-f5f5-4a4a-83ce-3dedc24290ca,bravo,0,normal,609.0594553575936,11112.463522599586,68772.87157248284,2.9426211409027325,3.0180266657420898,0.6845065701724744,0.09718230576544432,1.5,1.0,7.768711417913437
8b8f38c3-7823-4b1f-9f56-969376691d36,bravo,0,normal,669.0089959069153,11621.3868877485,85164.79543605284,2.9718344894722772,2.843300528780637,0.5289865104722556,0.10149841800127794,1.5,1.0,7.604791700839996
02eaf273-7e37-4929-9abc-907b69b997f5,bravo,0,normal,631.1883715205655,8432.307279340957,86908.20083066351,2.8419215313285595,2.9141341794133835,0.7352295042032891,0.1006714718371438,1.5,1.0,7.938260734081268
553ac7da-e34c-464a-a78c-489f2b371241,alice,0,normal,805.4996533194724,20434.069356871594,44929.78070333349,2.678154737999298,3.2346007379075252,0.8386732679428556,0.11216110885743866,1.5,1.0,7.158253729343414
ecb19dfa-7e38-4e54-b471-c04bf2af93ed,alice,0,normal,774.719853209517,15557.355690491566,51708.830268020676,2.8837516623656474,3.237075466649874,0.8779376019265994,0.10710492657121572,1.5,1.0,7.613564491271973
0fd09e2c-e49f-4ed1-bcce-d9f7f2b0b06d,bravo,0,normal,625.2984364887213,19206.371874686716,70179.68888822896,2.9356231577067877,2.9879303328934466,0.6304602366771371,0.09874694416472973,1.5,1.0,7.97728630900383
fcb3d081-2f9c-4b1f-b76a-2392d0f2a136,bravo,0,normal,640.5081336061754,17812.293854255913,60338.545719289716,3.0902149969639336,2.9025876009987326,0.5556331025569728,0.10268550527122092,1.5,1.0,8.243051558732986
67962839-ffb9-4c32-993a-e6ee88ecfca2,alice,0,normal,771.0736652550866,17482.208501016336,61742.01394724832,2.5852653655821385,3.275454581298442,0.7981870104613116,0.10866386417305744,1.5,1.0,7.084011286497116
7d5975d5-7809-43dd-94bb-b94cb7b22023,alice,0,normal,771.6242654305755,20367.46842609808,43814.76826276501,2.760126698787848,3.3283090109394267,0.9830760194240171,0.11295957287965838,1.5,1.0,6.962848663330078
057ffd89-61e3-495b-bfb6-4b5b39b96b2e,alice,0,normal,774.6536859915058,19307.02932328067,51855.90222253181,2.8476710408646415,3.1933390533924313,0.8663049474334772,0.10978659874810931,1.5,1.0,7.2690862119197845
4083e5ac-d103-48f5-9eb7-c2bc451a2efb,bravo,0,normal,632.0586296022836,14076.796851958647,48571.08985911152,3.087018510398719,2.9847947519070432,0.7022912583631986,0.09924635795079875,1.5,1.0,8.21397203207016
461911ea-acc0-4584-a614-4c53a28d2633,bravo,0,normal,628.6635995119628,12093.153782312549,43054.071482742074,3.016371897417128,2.9080877550420015,0.5818882461337891,0.10118971569109711,1.5,1.0,7.933615356683731
9fa887e0-812a-4aba-a5ec-d203e12cb6b7,bravo,0,normal,604.1541002479469,18846.42645379216,55615.39360201978,3.036072436871206,2.865636747417234,0.5419836659146933,0.10019627838448392,1.5,1.0,7.829099595546722
16087960-e14a-46c1-8c24-910b50aa26d3,bravo,0,normal,608.7952124709428,13699.183096957157,50116.20981295975,2.9262833075636423,2.882829592593683,0.5583930235670277,0.0999768104364425,1.5,1.0,7.7139377892017365
ca066265-4031-4910-8d0d-a38ffc8917b2,charlie,0,normal,867.2278784007,30259.289428031934,57583.87355836767,2.4534533649245582,3.7136991349076256,0.9138283412713596,0.09022279440473145,1.5,1.0,7.000619947910309
e4910d7e-3106-4c2a-ba51-ac1dfc0c352a,alice,0,normal,779.3762768176757,15732.969775607462,58710.95310226028,2.6977205724948092,3.2118849793791098,0.7312836470848213,0.10625197935528952,1.5,1.0,6.97372031211853
f6a6864e-756a-4e88-830c-645f5585fdcc,alice,0,normal,773.4512827141693,17090.304681451336,52355.68656213221,2.865373005858229,3.260096818358792,0.8599773701185286,0.11089008145368388,1.5,1.0,7.46092090010643
204ea487-3465-4f07-8e5e-0bec9016b946,charlie,0,normal,882.9917535336875,43385.426984768696,35831.98340416162,2.467608474539298,3.8739313007912575,1.4987625484140632,0.08769767254392553,1.5,1.0,6.857343286275864
6d5387b1-444c-403b-9e51-11d9478d2e8d,charlie,0,normal,887.6133412687749,26216.63207282992,56473.03046268514,2.3086925315617424,3.7210008753622152,1.117151203927145,0.09077323090338842,1.5,1.0,6.8350953459739685
674f7d97-12f5-4981-b201-a58b164d434a,alice,0,normal,779.2321144480003,14941.144555976416,64218.43584087883,2.7033096582247196,3.271696617100664,0.8004344992913516,0.11289203707626343,1.5,1.0,7.249610543251038
850d551a-ba52-43a6-8ed2-d1059d77ee32,bravo,0,normal,617.2596451303266,15794.464430368931,62014.72463828873,3.1530342363535624,3.0021387397697508,0.695140211835002,0.09587600829459643,1.5,1.0,8.261941820383072
95b04186-1b58-46b4-95fa-e1cab8cf14ed,alice,0,normal,773.0621596387748,17288.312357162693,60244.07591337168,2.817902620551928,3.2802298635393097,0.793663580236842,0.1067569154562988,1.5,1.0,7.312195867300034
bd394861-98ed-4002-b4cc-33e29cdbf075,charlie,0,normal,921.8893314640239,18171.007544944165,61872.77394825386,2.1381523090021184,3.7923337789106903,1.1081263007991464,0.08718759186299521,1.5,1.0,6.446038454771042
b80f9702-44e9-4c41-8e86-03e7beb1facc,alice,0,normal,756.7811948601498,19470.409828589232,47492.112174564674,2.5741161221250985,3.2487287231245823,0.851409722399725,0.11026811590447633,1.5,1.0,6.794884532690048
f86147b6-92f2-4fd2-97a5-969b34ae3ce1,alice,0,normal,786.5765060748461,17759.34627876699,65729.00934427026,2.832566642093832,3.1392436160993675,0.6958299036369333,0.10931336123579662,1.5,1.0,7.17333647608757
1416879a-cb6b-490b-9ca1-e1eb1629982a,bravo,0,normal,621.6313566524913,9549.774600262343,60056.79035988023,2.8810260220886144,2.9230468851105527,0.5784455936495608,0.10023140457112172,1.5,1.0,8.015180498361588
eaf2ec75-03bd-46f8-b254-9d8b50190368,charlie,0,normal,916.5224352359824,35181.915438377335,63671.90902382439,2.3285816838610147,3.864439957851154,1.391454339572746,0.08954034222938274,1.5,1.0,6.759542942047119
0c53ad87-19ac-4614-8b6e-365f9f53e772,alice,0,normal,764.9454521476415,15188.107146010585,70134.35347631286,2.863994103451554,3.0983684276190786,0.7060471716944814,0.11117860893068617,1.5,1.0,7.55483415722847
b1281dfc-e043-4fda-a269-6b78cba95c15,charlie,0,normal,891.3977012820719,27352.629749913496,81109.46900572497,2.365487740484485,4.018413065629601,1.9353031869935007,0.0892423999986788,1.5,1.0,6.978791892528534
3bf5b545-ed40-423a-aa74-3878894e7d7b,charlie,0,normal,872.7112686597213,25858.31912750707,55650.500603918765,2.451203936284806,3.8384026112732523,1.3946948458277673,0.09042825824121421,1.5,1.0,7.074365496635437
7a8d7431-1879-4e14-b5b2-298dd5bf39b3,bravo,0,normal,633.1043679130613,13274.762499054628,79531.45776580491,3.1633661590049256,2.9189356603234637,0.5888606137275858,0.10111230877192003,1.5,1.0,7.955150365829468
5290952a-97e1-4261-9308-2461ea18b810,alice,0,normal,741.4725234370864,19262.314740747155,58300.02542180555,2.732057028997047,3.324919873228882,0.8389572389086917,0.105924082904539,1.5,1.0,6.812639683485031
55b7d136-eee6-4116-8604-b6370f7c20c2,alice,0,normal,766.8987666840231,19579.434598676486,64335.58867476552,2.457961397523218,3.354165015081395,0.8292309065937415,0.11075179252577211,1.5,1.0,6.622742682695389
8ef67ced-601f-40f8-97b8-cc0f90fd68ef,bravo,0,normal,625.8638166654888,15772.313624964178,68635.5760514595,2.9754018213180893,2.8943263955467047,0.6258348426077495,0.09935585840779444,1.5,1.0,8.38253328204155
8fd7a7e5-c367-40ce-bfe8-5034ed6c53db,charlie,0,normal,898.6698216689465,22610.048115011396,88613.6094631167,2.3767089843594955,3.8454751691559808,1.2184255504565509,0.09071124534776333,1.5,1.0,6.967550456523895
d2d7354d-9298-45d4-80a9-9664e223bce5,bravo,0,normal,599.3317332657905,22701.581728598976,44446.34547643414,3.1947217979277434,2.8679954089685484,0.6023282905616658,0.09973756919717887,1.5,1.0,8.081257969141006
6d4b58a7-aa54-4518-80c4-624b5f37ef82,charlie,0,normal,864.4267431262613,20196.92454214934,76455.84147924506,2.009739874853179,3.7128139849653725,1.178500324141955,0.08940131917801838,1.5,1.0,6.582945853471756
dd4d8279-55c6-4043-bbc5-5df9e40d6b51,alice,0,normal,750.2365817996836,20033.3953203973,54911.94246953573,2.962779033137408,3.175199511295592,0.8063751594712346,0.11315548301729517,1.5,1.0,7.343338668346405
9bb874e8-1535-4b48-85a3-e9ab8f56e282,bravo,0,normal,600.8901976634226,18975.516694644906,56199.915835926564,2.9568487918766815,2.9121336365862462,0.6645298701891987,0.10394609703489432,1.5,1.0,7.9190270602703094
dffcd50a-64fb-4fc9-8c1e-43cfc1d06f27,alice,0,normal,761.7985729145194,16627.05282177581,63199.9836946876,2.924403095621021,3.1471142841024164,0.795642185722108,0.11169333100976431,1.5,1.0,7.814230173826218
0292035d-51e9-47a4-a223-b205b651283c,bravo,0,normal,617.6836772081687,13179.130615485752,57168.74147733787,3.03711636207561,3.0287915772208587,0.6549593706599269,0.09848237519710434,1.5,1.0,7.971548795700073
2423fda0-a146-45ec-bd81-a79cedc5e8cc,bravo,0,normal,613.549302258713,11994.156158656298,50144.642112234236,3.044689913184792,2.8565879429688135,0.5698648294570058,0.10186026803096208,1.5,1.0,8.07560470700264
0618a332-4dbf-4715-a640-0480e6cf9641,bravo,0,normal,636.6025989245851,7167.883498225547,81428.81044612903,2.94003623824144,2.989271087596137,0.6314214544766048,0.100676109894464,1.5,1.0,7.940855473279953
980e91a5-a81c-4f5c-9319-59edb600986e,alice,0,normal,739.7570034298584,12870.911565467677,64965.53796889287,3.0482775459821445,3.2522994717866207,0.9889211172615708,0.10784432310175318,1.5,1.0,7.766478896141052
7714347f-77e4-4d34-992e-8b5d7c5da8cc,bravo,0,normal,630.991537059957,13019.552001436561,51520.91470741172,3.330319969746367,2.7775422766906925,0.5242832093707067,0.10252780455256401,1.5,1.0,8.451114386320114
fea18503-cb88-4a5d-ac75-788e837add49,alice,0,normal,738.2994056262753,19609.56279520505,74076.63400709613,2.704564604900308,3.3216807093625644,0.9399172423243057,0.11366063112543706,1.5,1.0,7.239930033683777
bf5aafbd-3e96-42ef-bb3b-3e81c383f9a5,charlie,0,normal,901.1992682506036,25692.280673164234,55644.68913655585,2.2970329177212294,3.757702056738201,1.1985709536393758,0.08984415448680881,1.5,1.0,7.062778919935226
77f32b1a-9cb0-4f46-8ce0-97ef19ecce3a,bravo,0,normal,606.9024214875407,11843.652966073285,62171.986356647336,2.7906071923080082,2.959750900698113,0.594420288930695,0.10014262472381279,1.5,1.0,7.5776486992836
5c7d5107-77e1-4a10-8dc1-00950db867bd,bravo,0,normal,640.3526789660158,13904.674360697309,48724.1501855839,2.960645498142552,3.001549719939696,0.7554282863475074,0.10098543508323249,1.5,1.0,7.9005648493766785
276e29da-02e9-4d3e-ad5a-6688a8f08dfd,charlie,0,normal,908.0810106698368,26912.17029579427,79641.16926160353,2.3958733595693142,3.7278520386316965,1.017728675579906,0.09119479625824678,1.5,1.0,6.799923151731491
4197516e-48c5-4944-8673-af20fba6a595,alice,0,normal,749.83691646841,19816.271401303882,49352.68071970303,2.7894862200337185,3.1776442464026267,0.7313736980537229,0.10949640163712002,1.5,1.0,7.28326889872551
ba20bff7-c40b-4357-a816-34e8bca9db50,bravo,0,normal,607.9903347066704,13371.948555041226,80869.40882075504,2.903206632626083,2.891248576517387,0.5799067704809563,0.1017257359174215,1.5,1.0,8.085660994052887
11e7decb-b6e0-462a-920a-ed4dbbff1835,alice,0,normal,772.8839428045608,17076.760729218495,57497.37537146227,2.769261742266042,3.2930997347938877,1.164735946750791,0.11168573612645538,1.5,1.0,7.090168714523315
b903c873-ff50-4386-b8f4-d0f3428b79e1,charlie,0,normal,884.5007216717933,23719.184990262802,56060.004152745474,2.2827599385154866,3.7473489775260247,1.1271158508682206,0.08985611661336204,1.5,1.0,6.703822702169418
1c0f5690-f547-4b21-8774-2f8275ff5c7e,alice,0,normal,764.2069223763045,18184.127364223612,65205.23745001839,3.0026736154727125,3.206427300528773,0.8750712835736235,0.11046108187248238,1.5,1.0,7.3721684217453
4d9b0601-e183-425a-b8e8-134b510c1226,alice,0,normal,753.6013958917742,21579.668533635482,54052.880585420884,2.5614193347671717,3.279108668884061,0.8120116620220338,0.1122123192901848,1.5,1.0,6.8042632937431335
825504b6-d672-435a-83fc-6cc74b4e781a,charlie,0,normal,881.214675290436,33593.72217119618,65341.879104797146,2.553103996052372,3.792157622524377,1.7081622722163023,0.09210734185129721,1.5,1.0,7.323393106460571
b7ea6c90-78cd-46e6-9092-28771657eefc,bravo,0,normal,632.8006313085332,14120.609271380157,77695.53512700388,2.9617190880305286,2.9271663678529647,0.6434462179414704,0.09796202263865428,1.5,1.0,7.638475209474564
092b8271-7ed1-478f-a68f-f3a51f750d80,charlie,0,normal,905.3518866249397,33942.323307286235,58288.16084635335,2.307966431749905,3.6981021885895395,1.0605115016830988,0.09092579202089596,1.5,1.0,7.00672259926796
d41ff620-5cf6-44ac-98c3-82a4f0919142,bravo,0,normal,649.762436195278,16212.8679940632,54239.419964092085,2.881728719060679,2.945656939942875,0.6569254410351356,0.10336177240857829,1.5,1.0,7.871387213468552
0dcf5b02-e777-43e4-bf85-69056c331719,bravo,0,normal,620.6565992450097,12235.880665358949,34050.73837974394,2.951104122429279,2.943976967917596,0.7388511518774138,0.10276358193770947,1.5,1.0,8.048360079526901
61859cda-31b4-4e97-b1ce-910cf322bb21,bravo,0,normal,627.2683540833522,16880.67803469246,56837.05536557256,2.927585770357479,3.0124207669726504,0.7566965123984793,0.10122759903530144,1.5,1.0,7.848003178834915
7ce6277a-3a4c-474b-a153-9face694ecef,bravo,0,normal,614.2284849322882,12559.052323112504,48387.03933572486,2.8478652760703174,2.9425569578799506,0.5964462392226639,0.09822792739187931,1.5,1.0,7.92547532916069
c75df42e-c129-4a17-be66-8132f0acad8c,alice,0,normal,747.8038594615499,16206.373660222003,49410.036301937245,2.923388569813591,3.2131401967330158,0.7598286726614419,0.11328981801752006,1.5,1.0,7.419117838144302
e87f7533-d95b-4902-8e03-99c60bab9ee3,bravo,0,normal,629.6808329512512,14417.58534446293,58247.993008152145,2.9706581255000555,2.983002037628977,0.6038148848426382,0.09881451934390227,1.5,1.0,7.9569036066532135
a3fdc493-b1d0-4cdc-b254-37f0a873d89d,alice,0,normal,768.5529332340757,18582.27477384283,51178.08573852832,2.858982620732919,3.2188746127822028,0.7343823139955011,0.10808149460778436,1.5,1.0,6.976524502038956
fabdb7b0-e0e6-479b-8bf7-173deffa929a,bravo,0,normal,596.0090996373202,13510.46398973287,56074.293977384244,2.984627619916598,2.910547524490057,0.7085735477352776,0.09781462506896227,1.5,1.0,8.136298060417175
05ef5a26-75f8-485a-8238-e5f59dd3abcf,alice,0,normal,762.6731900824459,17110.817980902495,62186.93434841546,3.0205193257852705,3.230688281394115,0.7861709334920867,0.11218276449782319,1.5,1.0,7.571385324001312
2eca558c-10ce-4788-9c2a-ec65847a4d59,bravo,0,normal,610.1022698818014,19694.663235022097,64505.60539703597,2.9182929783985765,3.0289916263753867,0.8070539122929139,0.09634376461000904,1.5,1.0,7.69420251250267
ff88bb29-c46d-4ba0-b89a-d9e804826f8a,alice,0,normal,763.1239329292808,21777.079474691935,56652.4437900966,2.892894305871205,3.1583551058316255,0.8542655439101887,0.11168537806397856,1.5,1.0,7.391397774219513
277b4b44-6467-483a-8d0a-3759c5cf5a8c,charlie,0,normal,910.3297288211759,24800.817921030903,53945.45924952636,2.187399675702546,3.7872602974323333,1.144766556659138,0.09147574241432022,1.5,1.0,6.738852798938751
0aae1529-4de0-43d1-bac7-e654b91b1ef9,charlie,0,normal,885.0213668071377,17706.111533610154,53937.467517686026,2.149954899915645,3.7397420021938137,1.2261636091220725,0.08926763650716096,1.5,1.0,6.552037298679352
74c70864-cf06-4e14-888e-92369d17c85a,bravo,0,normal,624.0357883198244,14297.528720137661,92472.03407256758,2.948710892882161,2.9079733931569627,0.6272870991132368,0.09899467140787648,1.5,1.0,7.923267871141434
313425ec-5f80-4a3d-8c54-65a3cecd045a,bravo,0,normal,603.6607439255092,11995.107432293144,55965.762924929266,3.1965718701237646,2.9435800011773354,0.6749133814669251,0.10388540913055422,1.5,1.0,8.084454715251923
04d5c20c-54c1-4be8-86b7-60f9f683c29d,bravo,0,normal,617.4845601641131,15035.69507708613,65602.49574451926,3.1303278690209426,3.030573493042912,0.9148024061060253,0.09841923186941112,1.5,1.0,8.142598748207092
6e7d5eea-f4a3-4bc5-8d9d-d775dec5dbe8,charlie,0,normal,902.8301876558883,33673.368716695266,61847.55366389197,2.306668940354454,3.7805426709106653,1.2169692375651577,0.09207655168390538,1.5,1.0,6.815546780824661
7ee55dbb-1ddd-4783-a075-e44e61895183,alice,0,normal,752.7440248542941,17503.040471989818,54483.12545721454,2.9131411287165494,3.174446271404759,0.7306028558043093,0.1106338294327962,1.5,1.0,7.634745538234711
a2dc3fcc-461a-4f58-ba7f-5e1aab0a6206,alice,0,normal,751.0041976042745,13949.990635691087,54723.53646697117,2.7116612543130074,3.274643045360994,1.1299388992969268,0.10724527824172579,1.5,1.0,6.967018514871597
c0139648-f650-46d0-8a82-62937bb42c2a,alice,0,normal,768.4992171163901,17023.442647548898,65300.39824030344,2.6317875447216332,3.282821320298393,0.9268636873537862,0.11266368046122269,1.5,1.0,7.132982552051544
8e69be97-fc8d-454e-a0e6-2cd8a0e30af6,bravo,0,normal,600.1710648310882,13324.396269567302,61952.3976650399,3.0809146291262155,3.0213430319465737,0.6561430963684094,0.09744949676955206,1.5,1.0,8.028988391160965
f6922221-1dba-4479-abc5-8ca2a312632d,charlie,0,normal,843.1951563819622,26551.30184491941,43660.93249381014,2.367192782841816,3.7352948682623572,1.2425119784518062,0.09117419387274474,1.5,1.0,6.923119693994522
2530e384-1444-415d-99c6-2598ff4fb5e5,charlie,0,normal,881.9818037990128,32064.186112016963,61093.04142632086,2.264732981515047,3.6969670171900453,1.0502215710542588,0.08774487471710583,1.5,1.0,6.742873966693878
2e0f3612-8d06-47d7-9e1c-7314e9262597,bravo,0,normal,605.1402849546081,17293.476321762402,44865.99292896728,3.0129171672037196,3.001800574911118,0.7292792202090225,0.09784640086670554,1.5,1.0,7.704361140727997
f4c44574-7944-4663-86d9-fb98bec85af0,alice,0,normal,740.4282603987381,16253.747005280344,64869.7586374919,2.6998861294937777,3.2997663166636677,0.8693679138026013,0.10814481250604678,1.5,1.0,7.006936758756638
438bb429-f66b-4d3c-8b86-0cadaae88d5c,charlie,0,normal,878.3500415150745,28191.93958053997,81067.76415734853,2.60867445593281,3.7827054937538653,1.4184025313669626,0.09272537853592519,1.5,1.0,7.410135060548782
66ee0bd4-c089-4303-9472-c557e0a81c75,charlie,0,normal,935.2118003711274,32438.043869096095,51361.952183893554,2.443866232990764,3.691642373687148,1.054893112423677,0.09402400729458389,1.5,1.0,6.768917739391327
caade477-fa48-4ee1-bfaa-bb8a55839c9a,alice,0,normal,750.6887480133508,17064.43963190121,68086.20982676087,2.785823420224881,3.2000233332475307,0.8194738116972002,0.10960965591880834,1.5,1.0,7.364472448825836
127c8e0c-6b0b-449f-98f7-45762cdd978a,charlie,0,normal,920.9401735977831,30101.7294150179,49038.81152941206,2.4648350277754054,3.835385860041804,1.32393634242354,0.08709728602856529,1.5,1.0,6.870785892009735
a17e880c-16d0-4bc6-9e28-249923160a6c,bravo,0,normal,631.8033238875634,16848.35312848106,84601.76631805804,3.364160021465672,2.9192021345838604,0.6739058736435166,0.10448584629168832,1.5,1.0,8.651726722717285
371b8fb1-b921-488c-8e9a-4572865469a7,alice,0,normal,744.8870431146786,18586.912001636716,66384.6999816083,2.8296673394698484,3.221188379802748,0.8798281958064132,0.11168736403141286,1.5,1.0,7.263855814933777
a8fb7d1a-eb59-4207-837f-de79913b969d,bravo,0,normal,621.7962092094646,12424.267725422313,62170.03365772096,2.9772243637747438,2.9216280622576387,0.6685134779340458,0.10178869068840438,1.5,1.0,8.121480166912079
383c0bbe-7fac-46af-99e8-f819fb2b8499,alice,0,normal,734.4099968902108,20942.59048593889,43950.61090272941,2.6166303563934963,3.3128077654490906,0.9406472481721047,0.10919762066470971,1.5,1.0,7.123769402503967
ffaeaade-c027-4f4b-9d79-1aab3a84a6fc,alice,0,normal,768.0362382702137,24093.310142435806,66091.76917161062,2.7217854358359275,3.2523805307207843,0.7961555802508846,0.1088865791777441,1.5,1.0,7.065828174352646
09aea24a-b0be-4999-9721-3053c1940afc,bravo,0,normal,632.4474383408423,11520.895373716743,67974.6158441735,2.9192604601297045,2.882577156568382,0.5886887549450353,0.09871272349514233,1.5,1.0,7.975213497877121
54c7472a-84ab-4e11-90a5-36bd2dfb6763,alice,0,normal,753.5893191677417,19134.223313104067,62174.05995316754,2.5653615773569616,3.1548169949704525,0.8008663684423261,0.11049639003510069,1.5,1.0,6.956049025058746
26e73209-afdb-4f7b-8f94-29839d14f72f,alice,0,normal,766.183116293193,14749.46942110528,73863.80127529128,2.4483739657372636,3.2854753847211087,0.9110473308365238,0.1081368625313166,1.5,1.0,6.725757896900177
f75b3242-4296-4614-9376-4494c337fb0b,charlie,0,normal,891.4879271803097,22736.59017335596,72503.25264821126,2.432418520869916,3.8075466451935664,1.3208284171867954,0.08598934506943964,1.5,1.0,7.000618487596512
50704a22-0520-4629-a469-596135e11425,alice,0,normal,742.9245200910813,20063.226768451594,74100.10496353458,2.7259608924769334,3.3047431160846124,0.8939701172834201,0.10907188160634307,1.5,1.0,7.038048148155212
f9593e41-670e-4a38-9b5e-411303edfd70,charlie,0,normal,916.6958487688797,31000.582139084825,53830.047029858906,2.340863277274436,3.842283964091765,1.333117036545419,0.09087864630952038,1.5,1.0,6.809257805347443
c1e165f9-53ba-4b95-a44a-04ab2501045c,bravo,0,normal,613.1592058807644,15099.24378614081,47638.498571461736,3.284416955251792,2.9171584339733596,0.6480595136284137,0.09956875758007494,1.5,1.0,8.60416042804718
593fe1d3-7677-416f-8ed2-ad3807796c8d,alice,0,normal,756.2574806497387,24709.751885756443,39745.286650256814,2.721097622891099,3.188333105836444,0.8111831957060067,0.10678305644792321,1.5,1.0,7.101590603590012
7b887a47-6227-484a-8f56-a434d703a799,bravo,0,normal,651.1571121949779,12914.685430945148,45597.00905886804,2.8114437318428886,2.7950281878824543,0.4856109024632919,0.09754042004987355,1.5,1.0,7.507131010293961
80c012a9-e522-41d6-8ef3-ab06c74cf924,charlie,0,normal,895.9116228481199,28673.69753116881,41762.63540557837,1.9355707965703701,3.9060188039255164,1.318556885223564,0.08871205798810311,1.5,1.0,6.361463338136673
23ad48f8-0292-4ac3-b173-a45548b53703,bravo,0,normal,612.2493471541751,11040.755275541145,51327.09486460322,3.2463028529527036,2.9385690983157446,0.6772887275363062,0.0996926010907654,1.5,1.0,8.351827830076218
ff79ca29-781a-41bb-8ba2-f5a4b874c05e,charlie,0,normal,883.0158178440583,34739.89011087044,48630.576899871805,2.2328537250969185,3.742666252662085,1.6436576691640084,0.0917434775660682,1.5,1.0,6.697544515132904
7a6f8338-9eca-48fe-b87a-3655d1885da4,alice,0,normal,786.9524300427923,14570.685691107366,101235.1357791806,2.827865823656511,3.2798392364719353,0.8773545038089351,0.11163652202209132,1.5,1.0,7.189069628715515
ae0e180b-d4b9-4c67-ab41-40494d66a1d5,charlie,0,normal,881.0958658851629,23365.55794093821,67258.61816735612,2.404022963574117,3.5914194894468974,0.925954043275106,0.08979614802821882,1.5,1.0,7.018501937389374
106d6cb9-135d-42b3-b5a2-909141fee8ba,alice,0,normal,743.8084042995422,22506.375267560194,72926.53944882976,2.4883509397857853,3.2600186083248603,0.9211266951127127,0.10975353210155894,1.5,1.0,6.9070723950862885
b0939450-a2ef-4fd8-939d-f9a0aab8badb,bravo,0,normal,613.4428585040168,19732.183326764465,50377.43911998354,2.9098249042519093,2.9723216852335343,0.6879535651250563,0.10115370767808142,1.5,1.0,7.824181973934174
fed25a0e-3258-4260-97a6-726f61b75650,alice,0,normal,758.5234624850577,18402.196384071405,76490.65349811527,2.8780846166773246,3.194165139837938,0.8695338153821821,0.1089424468342249,1.5,1.0,7.186178058385849
356fece4-29af-41b2-99f0-977422bca920,charlie,0,normal,911.3663238839054,32431.474993714823,81813.5963207497,2.359067728094412,3.668902962920679,1.1922038210629264,0.09173323192610222,1.5,1.0,6.960184693336487
980818f2-6cf4-4542-93d7-fe380683c48c,charlie,0,normal,876.4550046458692,23613.04546138072,65105.49032077388,2.3771177009404263,3.633316356478831,1.0438111876858243,0.09282015230528548,1.5,1.0,7.14866179227829
6dfca89d-3204-4eff-b615-4ba9637ba331,alice,0,normal,781.7465543305034,19356.33383098482,86093.61870772266,2.7170499874903946,3.2545279679974555,0.7677169070533338,0.10826576067796619,1.5,1.0,6.887813568115234
ab1978c0-3db2-4519-8d9f-e6ac3a0b5548,charlie,0,normal,916.2512815144744,31263.92632012676,59005.90816510147,2.311552459224636,3.779805151933366,1.5755391601567654,0.08888527942543889,1.5,1.0,6.848208665847778
80693b85-d116-4c19-ada3-1ebe7442439c,bravo,0,normal,621.256571334766,17130.24677165343,63618.2897917981,3.2241868305998715,2.881752720327903,0.5976976919764013,0.1008290959380772,1.5,1.0,8.165331691503525
b07d829a-73c8-4300-b312-090a81226b07,bravo,0,normal,606.4759187708272,13098.206028181725,58169.18190077159,3.1959448965397406,2.904318318276561,0.6003194667827326,0.1028051374868895,1.5,1.0,8.346920996904373
dfdec2b1-ee05-4b52-9e55-e08544d5a746,alice,0,normal,757.2705391324822,21712.73103748019,69073.81546289097,2.755322360486481,3.254343771041914,0.8686442978175034,0.10847992750272058,1.5,1.0,7.290302991867065
bec3f511-97e3-44e3-b05a-ff3782d8868b,charlie,0,normal,913.0934737653157,29045.87354536791,50425.73765643411,2.3010233454980193,3.8556554655214224,1.5393329814774586,0.0883446040345234,1.5,1.0,6.837325632572174
129f1d9d-3121-4e20-8437-1b263a7de59e,alice,0,normal,749.855128291254,19957.118648576128,55217.58960040088,2.8804470268201987,3.1713909287896658,0.7798348713921113,0.11055458564363363,1.5,1.0,7.288464844226837
39c68728-09ea-4dcd-bb13-f78d723282d9,charlie,0,normal,903.4226315944984,33032.81706039773,65774.52594302544,2.575128295837507,3.7268282146790956,1.1882249764081527,0.09003698805545413,1.5,1.0,7.376638889312744
9af4c2af-108c-486b-b434-d38ee5141e17,bravo,0,normal,615.9888057046654,14511.202010712626,79019.936900416,3.1514359131118357,2.9259964493377493,0.6636156307310378,0.09948425175252137,1.5,1.0,8.33939641714096
4bcb3119-0f72-4325-8577-7d4cfb56ceee,alice,0,normal,743.4915068737012,16112.753618969458,61077.74812891018,2.624800477130081,3.2005828019244076,0.942161186486171,0.1105957039004398,1.5,1.0,7.142425119876862
fb3c23fb-6457-40ed-a96b-dddf276560bb,bravo,0,normal,634.6231453366122,14086.551818604054,67348.18158863229,3.16003005306541,2.8615356540407335,0.5804026078181957,0.10457658876906761,1.5,1.0,8.370963424444199
07ad40bc-49f9-4c30-a38c-912666c8c273,alice,0,normal,738.1910805336013,18440.933460948538,59340.96497982982,2.8441962518741404,3.3331849760675136,0.9573186301441392,0.10954668043265275,1.5,1.0,7.312399059534073
3746dedf-57fb-464b-a3a5-bd4350e53a33,bravo,0,normal,598.8265524708777,15615.73541610886,79349.46323355258,2.759990822779296,2.957795445630664,0.6694485146647141,0.10178564625141762,1.5,1.0,7.756835609674454
84cbdaac-119f-415f-a383-aa96d582316b,charlie,0,normal,894.3957306527282,26700.882796784546,52592.52872672505,2.392151645247008,3.7320705725810366,1.18209715512482,0.09267041722715362,1.5,1.0,6.805223882198334
e0e79032-f206-455b-af16-2994527671f9,alice,0,normal,775.2314323581401,19891.581907979413,73261.11977136626,2.9930756761806503,3.1634703297831614,0.6896948657493537,0.11022229934462337,1.5,1.0,7.7297272980213165
f8ef2ccf-1d81-4984-a3e7-fdfd5a41244a,charlie,0,normal,914.381433372886,34562.74699999024,63432.80564126291,2.339680712627046,3.7246490747775294,1.1774730669358568,0.09026541552116563,1.5,1.0,6.87728625535965
b4afdef4-2ba8-4380-a1ed-dbf6cb820187,alice,0,normal,767.6848098698133,22314.94381968327,66261.0341145811,2.756713322886223,3.2809305533354562,0.7523104963946754,0.11069594072364741,1.5,1.0,7.2187791764736176
e5b136d5-7fd9-4edf-b135-c0f22b96feb5,bravo,0,normal,632.5400538752356,13766.248924973854,67364.92231922195,2.959754823101826,3.016363202703666,0.7954240251846737,0.0978536187371299,1.5,1.0,7.837630480527878
e54be5ff-755e-41eb-9e18-ef79adcc338b,alice,0,normal,758.5597299003169,17505.807906049406,69313.14210449033,2.706157552908773,3.3292313974939947,1.014344710199326,0.10977664304263007,1.5,1.0,7.075551271438599
5e1cabe1-93ee-4cc2-8838-bc5f8edc0423,bravo,0,normal,633.8217510720002,13768.1318977584,51417.78244036099,3.0775398760372736,2.9143294017037333,0.5783318578743277,0.09926155343586919,1.5,1.0,8.172213912010193
851ed4df-89d4-48db-9d89-d11daba5f4d4,alice,0,normal,769.4191659138274,15892.574594503618,69792.2989783541,2.742805439975212,3.193314424111251,0.7907887927890219,0.11399188949438482,1.5,1.0,7.2047119140625
acc10285-0b62-4444-95d2-4397a48f5abe,alice,0,normal,749.631488750972,18969.064979554518,66171.48982580041,2.864366392301644,3.1884876913361127,0.7145227566241602,0.1129960833922586,1.5,1.0,7.30795618891716
65d4ee96-3833-4075-ac87-97d69e93f14e,alice,0,normal,766.8030319398749,25386.483390423236,65299.34096612145,2.8874058993500427,3.2038454880721368,0.7967367536644896,0.11098603600523141,1.5,1.0,7.437390983104706
67daf63f-6df1-4f28-a087-3d40817df11f,charlie,0,normal,921.621533252601,29662.64436488937,50115.2833441375,2.344424867598875,3.8353970454081843,1.4008636000162664,0.0916594741349669,1.5,1.0,6.786145448684692
7a4348e7-1d23-41b6-97f4-e6a9612ea91c,bravo,0,normal,625.8340802842832,15483.452312569945,60769.13760108281,3.0642436823505794,2.947910070846943,0.6390124079142787,0.10160898080634566,1.5,1.0,8.153313845396042
5c9a454b-4d7b-4447-987e-550d2851fd77,charlie,0,normal,910.5645563186498,24606.12609207445,57074.49031644574,2.3105567939710854,3.9031539782417632,1.3881148512685273,0.08996544882253868,1.5,1.0,6.814122021198273
0b59a0a0-55b6-40da-9b68-29dc6da90567,bravo,0,normal,602.6556406056409,10150.155520293347,51765.73458689633,3.0425095233502537,2.952655498652938,0.6209274879183804,0.10046344888064222,1.5,1.0,7.879857838153839
91d9ce66-b537-4432-9428-f98cda4d75ea,alice,0,normal,742.5652000418401,18936.74614193156,52471.919223903926,2.711890377459286,3.184307210893615,0.7581223737713526,0.10983541908532132,1.5,1.0,7.247769802808762
e9152ff3-1204-4ac0-b7b4-85f3443d97dd,bravo,0,normal,608.285659087429,20213.777052592413,72030.26224436263,3.091227787551584,2.970618418171046,0.6698438993184876,0.10164271174432639,1.5,1.0,8.17176428437233
fc6c8651-4880-4d1c-b572-5dd5d27ac27b,charlie,0,normal,875.7797583407279,31062.480011849133,99562.0466262896,2.145449119121102,3.815817023852837,1.653764515384475,0.09082933413360167,1.5,1.0,6.6120472848415375
68669599-4b46-42e8-bb0e-1bfb5d94fd22,bravo,0,normal,602.3140980572564,14068.04558451065,60578.15518735408,2.9655016262809943,2.8778278309203493,0.5850645585521379,0.10169471943560822,1.5,1.0,7.910883069038391
676253c8-b07f-4647-9408-ad9726c5b46f,alice,0,normal,754.5809025049052,22678.58135615244,57320.2381610255,2.9432423341569383,3.2062862960844303,1.1124452741121025,0.11037367266113554,1.5,1.0,7.304409503936768
24b1282e-b9f7-40db-84c9-ffbba2be381e,bravo,0,normal,623.1620550920711,14415.476539385207,61112.947649563976,3.035802285803175,2.9574457879411757,0.6521221805564333,0.09956912606680729,1.5,1.0,8.090387612581253
d03e6656-f5af-477f-835e-7ef63f588027,charlie,0,normal,914.2763221214789,31229.311929267093,65071.075354515844,2.2791474331460284,3.9038312800853534,1.2590815187015731,0.08862882969641238,1.5,1.0,6.724485903978348
146f1d9b-84a5-4912-9c12-9bdd38a748d0,bravo,0,normal,619.2752114427731,10462.777802389795,48515.083128207225,3.0476815825670514,2.9719014203712053,0.7121935570148045,0.10013863052054876,1.5,1.0,7.9301276206970215
b87daf71-ee8a-4e15-bdd0-85f0a480e673,bravo,0,normal,628.4598271726865,10668.896766724698,60657.81355641076,2.923836864062651,2.8688762206051677,0.5333650336875034,0.10005665428335823,1.5,1.0,7.873068958520889
7b4b0f34-cfaf-40a6-80c9-cfd4927917e1,charlie,0,normal,900.9501223773201,32982.96772216449,59553.90563838838,2.0726860869811823,3.786481580410837,1.1796229622775471,0.09198637443619902,1.5,1.0,6.399022579193115
ce875d9c-71ee-4f26-95b0-b548e5693fad,bravo,0,normal,612.5394965269146,12421.322117419895,59121.2410092841,2.8953209209581314,3.0425147382656195,0.6603993428814873,0.09862575227897921,1.5,1.0,7.592168986797333
6721c4f2-aad7-4ad6-93ae-79f082f66e01,alice,0,normal,764.6507579656367,15178.313341416408,51419.89539705034,2.5117755734102465,3.280210116203581,0.9559539508333769,0.11287180479819066,1.5,1.0,6.960957407951355
88202bcb-5250-46ed-8789-ab749d3cae4a,alice,0,normal,755.0563264960394,17426.30130256154,47257.735627688184,2.8613359688549616,3.159714137951238,0.790744780336643,0.10921293401409127,1.5,1.0,7.425878018140793
b66ae9f9-b41a-41d5-9141-cd0df9e57692,bravo,0,normal,624.0951642910239,13683.991413182219,57545.46975646012,3.165081935195072,3.0153303255699986,0.609780976238387,0.09840303142518876,1.5,1.0,8.16777104139328
003ff05a-79ca-4060-88ba-02b255c6db51,charlie,0,normal,912.4110835855756,32244.380441752586,63693.81922825766,2.317164933478703,3.7132517750096916,1.187196412274817,0.08966984689383377,1.5,1.0,6.870813429355621
86d49765-602e-498b-a575-2ac468560999,charlie,0,normal,909.4220730389135,21790.859110442027,47199.90817751991,2.4063423671155877,3.8294055903518984,1.2285440590951138,0.08738730105897746,1.5,1.0,6.845415890216827
5fc00d7d-3c1f-4cf4-9dcf-7c3e29591fc9,alice,0,normal,781.4288969491373,21839.892318740196,56312.76045079422,2.8709838248373374,3.1420819034031604,0.7578658391038418,0.11132249530680523,1.5,1.0,7.289362818002701
3059367c-34f7-444d-b15f-bf052eb4f8e5,alice,0,normal,778.2166622757991,24047.321105160674,60254.89901106547,2.7851308330219604,3.164910907864546,0.7125524786983463,0.11149391518292548,1.5,1.0,7.020217418670654
51ee6021-678b-4e8a-961f-3b9ecd4a01f6,bravo,0,normal,612.9639826494174,18408.430963512266,50863.529463786945,2.9641495888862575,2.965869016697153,0.6210305516457664,0.10176259071763756,1.5,1.0,7.960727870464325
b721f26f-7d8d-429c-80da-46181ab473e3,bravo,0,normal,616.870689619294,16301.269174655028,43622.68343298657,3.184548209125024,3.015324245190193,0.8379390258321816,0.10066702195571203,1.5,1.0,7.947421014308929
ab40191b-15bd-433e-a791-b7154d0fcdf1,alice,0,normal,729.8639662781732,21976.2497353342,78958.09243287356,2.625366476214796,3.3183033983166954,0.8617486074108507,0.10642573184597054,1.5,1.0,6.946089655160904
a9fa29e6-b08b-40bc-b990-a540ced8dfe6,bravo,0,normal,633.4387605301631,13171.595117861985,61381.07392146267,2.850219510284188,2.9408904293515814,0.6321210142603925,0.1016976427626457,1.5,1.0,7.570368647575378
4d99cb25-6d80-40c7-b72f-ffc0042e6a8c,charlie,0,normal,855.3276096934519,23331.2079575384,77615.58609054526,2.3576532230115093,3.6832725632599943,1.1486125487518348,0.09162821239936263,1.5,1.0,6.991222649812698
e46ba122-eebc-4e36-b65d-c6abd7eb56fb,bravo,0,normal,613.4441883612811,14042.47405215734,56815.35254590415,2.779224049041878,2.957490985303601,0.643924407744203,0.10066645046922715,1.5,1.0,7.458861887454987
f8b0b9a0-fe55-4cbc-b1f1-369482b64d0f,charlie,0,normal,895.1895813515589,26536.886906292475,63210.90399816422,2.3153463290753424,3.7006279277907552,1.0920244841085687,0.08902793942458796,1.5,1.0,6.646560698747635
6e6769b3-2109-4803-a0b2-657d0b531651,alice,0,normal,761.464376310335,25559.644979087007,58872.061826792284,3.0082635400780995,3.1836792736650446,0.7520427454038465,0.11198872131364963,1.5,1.0,7.557124644517899
bfee49bd-da34-455d-9e64-acb692bb7fea,alice,0,normal,762.5806260999823,13988.589914175658,46468.96684252417,2.907175632882434,3.201875966845518,0.8639750718060024,0.10689883535059101,1.5,1.0,7.381965816020966
b7e3aad5-a22a-4445-9aa1-b8d55cd352f5,charlie,0,normal,892.831840483659,21789.542308201246,44970.65222714653,2.421946684604777,3.7068263886463595,1.2400703451188897,0.09253844502558208,1.5,1.0,6.957855731248856
adf4629e-6b0d-4dc3-9479-bf282de75f55,charlie,0,normal,914.3212753613885,23764.335997028946,81842.47924894071,2.130234735420168,3.7789895132692335,1.347423171864292,0.08625426159615587,1.5,1.0,6.404372423887253
0f33dd51-0c39-4354-939b-3690c3468702,charlie,0,normal,879.4621500134007,23956.82543374092,59282.84487577127,2.446670838160023,3.9438005983843287,1.6577796484346858,0.09004517609422932,1.5,1.0,6.9940707087516785
fdd7a0d3-b415-43db-9d42-cc40e06ea46a,alice,0,normal,786.8149864166568,24961.674003098182,56942.05423448102,2.7565981420575207,3.299622736206061,0.9612271471373334,0.11254973250073416,1.5,1.0,7.340279221534729
a5e54609-daf7-4d04-8f11-40f49b700501,bravo,0,normal,591.6193501110421,14640.171443872936,59436.52919213956,3.0210085028304476,2.888844484264613,0.6187840922349228,0.10175307683990434,1.5,1.0,7.722113490104675
dfe93c5c-e77e-49de-b5c1-70a11b255d9b,charlie,0,normal,904.7119886294906,26446.498416570845,43236.03233779786,2.1208120539797504,3.9227100609845458,1.4070968573499114,0.08661517126318104,1.5,1.0,6.736309915781021
5dd4c702-f479-434a-9e87-a3f10715780d,alice,0,normal,743.8511276164713,21045.422599523517,58545.055630912815,2.7595654048678617,3.222181184403072,0.8325166518725192,0.10864554746466297,1.5,1.0,7.363676428794861
00433dc6-f863-4dac-a730-7ee47f03ea89,charlie,0,normal,896.7974929039198,27143.615904683884,56841.80249402952,2.372642796109977,3.7548539379914825,1.237154214242927,0.08997753347617263,1.5,1.0,6.967620640993118
efc52bf1-a958-4f82-90e1-a2a46823e64d,alice,0,normal,748.2267264336191,17982.084592274074,66347.75665046432,2.93866266594939,3.170660006467669,0.7611762796983433,0.108924776340911,1.5,1.0,7.262172907590866
08883f94-52cf-4f33-a271-2df68b56073b,alice,0,normal,766.503957609188,18035.952485910435,41807.309622913905,2.720184598128494,3.381637032143329,0.9403945144591807,0.10989788742163573,1.5,1.0,6.97910463809967
f31c6b85-ad43-495c-a1b1-9653ee65abb7,bravo,0,normal,634.2345790857091,11606.706469082445,78517.12675595937,2.799739531953639,2.9541956108846503,0.6471426588760552,0.10122897794770178,1.5,1.0,7.677627474069595
095bf12d-fbb9-4816-9ff2-299412bd71ea,bravo,0,normal,625.3318052615734,15172.249038787108,70851.0712063764,3.253264331889223,2.9020567431359763,0.6068452777241866,0.09922943772445714,1.5,1.0,8.102863192558289
7f388cbb-44af-4e62-9ef9-76b6047af0fa,alice,0,normal,787.0711329754956,21699.783783033723,52580.88945669229,2.6177233130384,3.31844603077679,0.7794043090788779,0.10799438277047399,1.5,1.0,6.853898346424103
a663bac2-d52e-4ad0-b55b-45a4625b83b4,bravo,0,normal,625.9418424596693,11668.986454387243,62061.32638335332,3.1231138141313366,2.964066736278439,0.6651599129929107,0.09923005564054994,1.5,1.0,8.210173457860947
ff3664a9-04e2-479d-afc9-bfff0d281c0f,charlie,0,normal,875.2634362661834,26023.198216130408,64077.874673093414,2.476507034696883,3.664519985619538,1.0233222231229315,0.09084249298244984,1.5,1.0,7.177429020404816
ac76764d-6a4f-4411-86f1-1fbff4e80c89,charlie,0,normal,878.5534293852647,27155.441790632005,44983.06571431289,2.5616219214223688,3.6354898947003753,1.0652084148182617,0.09043194319387593,1.5,1.0,7.2514965534210205
f2c1464d-4579-4fd3-8076-a9772c26171e,bravo,0,normal,623.8073749988513,14737.448862474585,61078.70160653259,2.838411191992854,2.9928505617354517,0.6489708907199192,0.09671310390051883,1.5,1.0,7.7350867092609406
8cad8ab9-f105-4beb-8e1e-e992c0834558,alice,0,normal,753.8640128425637,27473.816707311424,53843.55462756036,2.8329243147822156,3.212886840591099,0.8237652004904971,0.10785073853585525,1.5,1.0,7.4885919988155365
a479d623-8356-44b1-8ebe-b37da2726fd0,alice,0,normal,756.6639676145111,18382.67923255224,55725.71085530048,2.540722532082715,3.284598735299188,0.8005829713338525,0.10768275163737814,1.5,1.0,6.845805108547211
f675b8a3-bd75-45a1-bc8f-33fab6d7d7c7,charlie,0,normal,914.0642760712035,28922.917041304812,55603.163992364294,2.0400957938856448,3.763209585438117,1.1301411656687208,0.09043054307853987,1.5,1.0,6.278306603431702
d4d5de41-f5c8-4ec5-b2c8-9e615d92ccf1,bravo,0,normal,634.0443707660406,11270.55668153043,52624.09766881018,3.108039939907204,2.9682660159272403,0.6765606542052218,0.0982104353753334,1.5,1.0,8.030478805303574
5b3625a4-0e84-48dd-a564-91b22bf90adc,charlie,0,normal,889.6685532751368,31946.073727604424,48470.72366369777,2.4218210586127085,3.640994133573364,0.9351600708120984,0.09319196441174524,1.5,1.0,7.064068168401718
d406b89c-7613-4019-ba01-1f5d5482ef02,alice,0,normal,772.9354143560258,20728.124136915085,62662.35737177074,2.656997198542677,3.1879617219165004,0.7926859319946776,0.1095564612381201,1.5,1.0,7.1851949989795685
da5f6d47-fe29-44a4-b4e0-a3c5638769a2,bravo,0,normal,630.7691009953747,12542.687652542267,55928.04059828116,2.975437895798064,2.870826223023882,0.5871171551042682,0.10014128603689536,1.5,1.0,7.912055522203445
e5032906-d396-4eb2-990c-da4f3ce01702,charlie,1,bot,1437.0243902439024,284986.36525877466,0.0,0.19624088963632952,18.89686875904603,34.05487841788689,0.018982535514495056,0.9182958340544896,0.0,0.6684085528055826
fa365080-b99b-4e2e-8155-2986aff0311a,charlie,1,bot,1437.0243902439024,284986.36525877466,0.0,0.16803225884937834,19.519340736592014,31.78692890358584,0.01745202414919638,0.9182958340544896,0.0,0.6801466941833496
387a3691-decb-464d-be02-669b3da2e678,bravo,1,bot,1001.0731707317074,138301.67757287328,0.0,0.15970545580682952,19.649065484938724,37.742537280740976,0.018335654564961567,0.9182958340544896,0.5,0.7033425172170004
5a1ce34e-0710-46c8-9515-006c395fa7ec,alice,1,bot,1227.121951219512,207812.30220107088,0.0,0.21032768636840687,19.13311018171786,36.443407455933624,0.019713677934918263,0.9182958340544896,0.5,0.6741885741551717
2bb07d36-2d34-43bc-b672-61a8263673d7,alice,1,bot,1227.121951219512,207812.30220107088,0.0,0.14804001001477188,19.29498263463396,40.29894937814295,0.017913694558037832,0.9182958340544896,0.5,0.6914743979771932
174dbad7-0eed-4c7c-9715-7c6dac95ce27,alice,1,bot,1227.121951219512,207812.30220107088,0.0,0.19136727837266035,20.138801245260773,36.27515249661561,0.016950514624452163,0.9182958340544896,0.5,0.7069501876831055
b77fcd10-e3a6-40f3-8b2a-8c08f6464f00,bravo,1,bot,1001.0731707317074,138301.67757287328,0.0,0.15224054987392685,20.03026732663043,36.79332600328786,0.017193894768285624,0.9182958340544896,0.5,0.6961436669031779
b5111f01-14f6-43be-ac8a-020cdd77c8c1,charlie,1,bot,1437.0243902439024,284986.36525877466,0.0,0.20494974159884408,20.063219436576055,33.906146282557415,0.016621841276131775,0.9182958340544896,0.0,0.6428760687510172
62ecde60-1271-400b-9120-f1f9431dd3fa,alice,1,bot,1227.121951219512,207812.30220107088,0.0,0.21687494155792503,20.109530358395922,37.25716681666736,0.016642847790220364,0.9182958340544896,0.5,0.717970609664917
2ee51fcd-1a57-4d52-80dd-531a04745fd9,bravo,1,bot,1001.0731707317074,138301.67757287328,0.0,0.2254020211639995,19.06388331463884,38.60559315261513,0.01872130418136344,0.9182958340544896,0.5,0.7142499287923177
ff0ab404-cbfa-4edb-b8a3-57307cc43573,bravo,1,bot,1001.0731707317074,138301.67757287328,0.0,0.17258271501920305,19.440871144195672,37.3150635976816,0.018558073254115112,0.9182958340544896,0.5,0.7151172955830892
d1d98966-b0b0-4922-8128-e8fff256ea7c,charlie,1,bot,1437.0243902439024,284986.36525877466,0.0,0.14844589476531875,19.18550895014083,32.05682030293717,0.018015684910755617,0.9182958340544896,0.0,0.6377591292063395
ea9b42fc-5bbf-4adf-94c2-c37145de24ad,alice,1,bot,1227.121951219512,207812.30220107088,0.0,0.2125622993586884,20.01474838429298,37.37175784030478,0.01677156386248371,0.9182958340544896,0.5,0.6665923198064169
f934859a-3ca5-4c11-a3f5-fb588478afc6,alice,1,bot,1227.121951219512,207812.30220107088,0.0,0.17228435660684163,21.17489604549104,41.744694674960044,0.015061299873317367,0.9182958340544896,0.5,0.6870468457539877
4b33fc26-c3ce-4c42-8f69-5f0609ab3b6f,bravo,1,bot,1001.0731707317074,138301.67757287328,0.0,0.1870719011073506,20.17779505170653,39.124347761478134,0.017291388812471446,0.9182958340544896,0.5,0.6904271046320597
44b279e8-33bc-477c-89f0-c48a6c2bae29,charlie,1,bot,1437.0243902439024,284986.36525877466,0.0,0.15749736942624196,20.203249737626557,40.26358270226882,0.017329676640454268,0.9182958340544896,0.0,0.6408724784851074
43d9fa25-67c4-430a-affd-0696cec92f0a,alice,1,bot,1227.121951219512,207812.30220107088,0.0,0.19172074998027744,18.9854831111803,33.093427024023775,0.01831503810060968,0.9182958340544896,0.5,0.68904976050059
7d7d61f1-97ec-45cf-901d-0aa5fa501fde,charlie,1,bot,1437.0243902439024,284986.36525877466,0.0,0.17059921018288696,19.57695340496008,35.32346306123282,0.017100631705826534,0.9182958340544896,0.0,0.7021874984105428
778e1809-3952-4b43-904e-1bc73b5d98a8,alice,1,bot,1227.121951219512,207812.30220107088,0.0,0.2037895240188999,19.834508406153507,35.542262720920235,0.016085337502026727,0.9182958340544896,0.5,0.7219049533208212
6c38a21b-8ebc-45b5-ae1d-57095c183be1,charlie,1,bot,1437.0243902439024,284986.36525877466,0.0,0.16223566076325602,19.26479778274412,35.15058913303473,0.019007965546135232,0.9182958340544896,0.0,0.6373367706934611
1cd59cee-c206-4e2c-9d92-b6bddfc570c1,charlie,1,bot,1437.0243902439024,284986.36525877466,0.0,0.23885087187160992,19.93236601750512,32.80572918700637,0.016478473655053325,0.9182958340544896,0.0,0.6642715930938721
e1b19765-99c1-4823-a24b-a7f9971fa998,bravo,1,bot,1001.0731707317074,138301.67757287328,0.0,0.16887957022324604,19.82442588443299,37.68383996695905,0.016423322356596284,0.9182958340544896,0.5,0.7299296458562216
0dbf730e-86e0-4611-a2f0-e9e3da4c10b0,alice,1,bot,1227.121951219512,207812.30220107088,0.0,0.19759928990160844,20.032201221056393,33.30654769890997,0.017377246791802706,0.9182958340544896,0.5,0.6945918401082357
185e7b33-beac-499c-9eb1-8d6508376828,alice,1,bot,1227.121951219512,207812.30220107088,0.0,0.17487019655612288,19.53218737090592,37.578328084360784,0.01704764893690153,0.9182958340544896,0.5,0.662933349609375
505cc39e-167b-4e07-a151-43e5a470954a,alice,1,bot,1227.121951219512,207812.30220107088,0.0,0.21151809663140653,19.51647696036058,33.366366980587394,0.01737181676851084,0.9182958340544896,0.5,0.7049292723337809
bdee6ec8-f6b3-49a4-9770-803652e83d62,bravo,1,bot,1001.0731707317074,138301.67757287328,0.0,0.184961176035529,19.826128772789584,37.4407767867925,0.01738222193087428,0.9182958340544896,0.5,0.716395894686381
2bebcd9d-74f9-44d2-b249-e609900ea42a,charlie,1,bot,1437.0243902439024,284986.36525877466,0.0,0.1780890738435125,19.616359483453113,33.764855564941946,0.01723582753735665,0.9182958340544896,0.0,0.6445952653884888
734ea6de-9b1a-4dbe-85c1-6ae304ab8498,bravo,1,bot,1001.0731707317074,138301.67757287328,0.0,0.2029183785966262,19.91342064020082,37.2600981143474,0.017804889468120276,0.9182958340544896,0.5,0.7225326697031657
c1b05477-e76c-45db-8f95-f31f05de1ff3,alice,1,bot,1227.121951219512,207812.30220107088,0.0,0.2031874312287576,20.103081443707847,36.72181596055143,0.01724770980480514,0.9182958340544896,0.5,0.6761413812637329
f636e80a-a05b-4683-8365-c165b07378d2,alice,1,bot,1227.121951219512,207812.30220107088,0.0,0.14197671862590114,19.480265596046795,36.2229793666885,0.017439845061211504,0.9182958340544896,0.5,0.6830015977223715
5a569f2d-26d5-4d10-89d7-3d68f4b5b633,charlie,1,bot,1437.0243902439024,284986.36525877466,0.0,0.19905866532761823,18.707516749965443,34.57859366260886,0.020022347403806547,0.9182958340544896,0.0,0.7116630872090658
b87e67d8-7fce-46d3-9e27-685d8b3333b9,charlie,1,bot,1437.0243902439024,284986.36525877466,0.0,0.18942926387590495,19.142941458101088,33.04191881600504,0.018641073622984054,0.9182958340544896,0.0,0.6610023578008016
da0b260b-e9ef-41cb-80f3-241df0382791,charlie,1,bot,1437.0243902439024,284986.36525877466,0.0,0.23069672545825903,19.566603678508347,36.968442749869226,0.018209294129191547,0.9182958340544896,0.0,0.6707342863082886
bf7bd43f-424f-4e62-bce8-d87bd371ab51,alice,1,bot,1227.121951219512,207812.30220107088,0.0,0.16500550490435212,19.683519170350138,35.91551438677631,0.017072354807197265,0.9182958340544896,0.5,0.6909112532933553
ebb761a8-700c-478f-b912-5b012f334a11,charlie,1,bot,1437.0243902439024,284986.36525877466,0.0,0.14218250090612988,19.164226139095184,33.97614431922746,0.018039691685047165,0.9182958340544896,0.0,0.6595840851465861
9d71f826-7c73-4496-91b2-72881134cec9,bravo,1,bot,1001.0731707317074,138301.67757287328,0.0,0.2165307259503011,20.231271274457225,37.40282051069799,0.01655639912975075,0.9182958340544896,0.5,0.6955306132634481
0980199b-cbc8-4498-81bb-6a4662479869,charlie,1,bot,1437.0243902439024,284986.36525877466,0.0,0.1848472298058175,19.108647913737702,32.43319863561787,0.018090615368786082,0.9182958340544896,0.0,0.6346326271692911
1a9f7cf7-483e-4231-95bc-4d5167fd8d50,bravo,1,bot,1001.0731707317074,138301.67757287328,0.0,0.2512104705545376,20.09883076435273,45.660726220728215,0.017633137192346517,0.9182958340544896,0.5,0.7163122097651163
da1640aa-f3d3-4423-91fa-5d5018c366b4,bravo,1,bot,1001.0731707317074,138301.67757287328,0.0,0.21244216143339142,18.961458112421465,34.2461955763,0.018116629674260216,0.9182958340544896,0.5,0.7195208470026652
7d4945e3-b23e-4fab-8b31-8be90c706235,charlie,1,bot,1437.0243902439024,284986.36525877466,0.0,0.1418259952027622,19.589739558411758,39.77245014733404,0.01816738253321041,0.9182958340544896,0.0,0.6661532322565714
81c12e89-1e4e-4ea8-b8ff-455595696e9c,bravo,1,human,843.0319530778482,85900.58176270143,575607.5186043404,0.6730549751209332,5.575434746837781,8.900166788738929,0.06286899326249025,1.5,0.3333333333333333,1.7685904502868652
f3ecd21c-1c05-42eb-8971-ea4a41fccec5,bravo,1,human,916.1061981175686,91728.27461370507,960005.1583675592,0.8374322290834381,5.550242291967607,8.486602793028673,0.06240978022946458,1.5,0.3333333333333333,1.745761901140213
0572891d-a2b5-42df-8dc5-f3de4126f839,bravo,1,human,927.9742356978751,133080.52087458273,604726.5775636262,0.7522351759145316,5.651957419463963,16.038453374921733,0.061114765742240666,1.5,0.3333333333333333,1.8834750354290009
9fa45cd9-4c65-440c-a7ea-894a20bf85e1,charlie,1,human,1185.6354323869034,151573.96221225944,584401.1727475415,0.8153377194790652,6.162936115094357,24.068555063864906,0.05802380197594372,1.5,0.6666666666666666,1.7957332134246826
22f570b2-b432-4176-8036-110003e79275,alice,1,human,1110.0688499700411,146309.77052785543,555901.1365382286,0.668145737560918,6.088756407070684,9.89552160182611,0.06674855897459372,1.5,0.6666666666666666,1.6279620826244354
12be991b-69ca-4022-a93c-f7d6991894ba,charlie,1,human,1318.9762168997795,164818.65820006485,577862.7146764545,0.6479249149106721,6.909597611255182,21.862519181021998,0.05920325419115947,1.5,0.6666666666666666,1.491889774799347
09801dba-a753-41f6-97f4-119fdcdaaa41,charlie,1,human,1159.2232020803879,276127.19064614276,596863.8641237338,0.6993205908596171,6.506371522891637,9.707636018834197,0.05716867496647535,1.5,0.6666666666666666,2.0820694863796234
fe441ecc-ead2-4f02-9664-61bebfc99df8,alice,1,human,1127.8780216388895,86188.261230172,659949.7315606973,0.7681876900366079,5.445322515274978,5.526038407742107,0.06990466057578383,1.5,0.6666666666666666,1.6995500326156616
88b0576f-234a-490d-9a5e-e814d95b3cf4,alice,1,human,1079.176285130832,109637.91733965963,508153.07607775007,0.6160351955448763,5.754119282740081,7.907115908275291,0.06336843167286116,1.5,0.6666666666666666,1.7287527024745941
3537bf08-0217-4ea7-b763-bc81b062d437,alice,1,human,1078.5999892027817,133413.96059920036,594654.1405177934,0.6049365436062774,6.49864345932511,16.406099109869402,0.06707169401055463,1.5,0.6666666666666666,1.6224198043346405
2b6a31e7-e485-469f-8676-f50b7df9196d,bravo,1,human,878.1408471067435,93752.57085255736,547081.1909003713,0.76945965935589,5.840200063615562,10.999220438742672,0.06639601260627387,1.5,0.3333333333333333,1.766477644443512
41c8c20f-6e4f-492a-aaa1-1066e74e13bf,charlie,1,human,1232.1694490629127,209381.4759052918,625004.0843777059,0.5421185441460976,7.262997191887816,21.33261368276737,0.05954235549576701,1.5,0.6666666666666666,1.7108338177204132
6ee5a74c-e0ce-48fb-b699-9b45628ab90a,bravo,1,human,975.1585595312298,99709.75666157235,586930.4749579241,0.8822672718614791,5.159680471152096,5.991131016367507,0.06443736849846565,1.5,0.3333333333333333,1.8104550540447235
14150548-0b9c-452c-868a-7074287c81ee,alice,1,human,1121.5529626051589,112177.41218881842,506761.2166218049,0.7602439114188683,6.286402199287498,12.42589931674082,0.0667643230033933,1.5,0.6666666666666666,1.5996105670928955
e4ba14ee-e08e-416b-a54e-8a50c341d31f,alice,1,human,1095.5415553531525,188195.7009407898,632515.1098858922,0.8511491363972827,5.556241368608539,6.1552470668164165,0.06622331655640085,1.5,0.6666666666666666,1.8056787848472595
4a0911e8-093a-4eec-a8e4-982be78d02f1,alice,1,human,1170.6381193185446,133866.5706168076,699662.8797766711,0.7485223270400089,6.507638136235326,28.0159697072403,0.0679571883229258,1.5,0.6666666666666666,1.510624349117279
9339dede-425c-45c6-8016-c9f1d805b070,bravo,1,human,860.0893245757499,62531.7256223328,468326.1159326708,0.7460576879199259,6.24732584085911,16.50741492230344,0.06248058172288419,1.5,0.3333333333333333,1.614943504333496
a4fbc73c-08a9-48ba-9c79-66920412c7a6,bravo,1,human,905.9870483903444,86907.66478449076,796039.5227423086,0.7588090701536322,5.8088330812195075,12.04358932969447,0.0633105610207405,1.5,0.3333333333333333,1.7574010789394379
53d34821-aa1c-4de2-bda5-62306774a279,bravo,1,human,869.4931225111364,73081.25295090009,576066.3839149968,0.7337370107700473,6.390199598802109,16.009169268922395,0.06574424846011223,1.5,0.3333333333333333,1.6217331290245056
a724bc50-8c48-4db8-a918-f941a1ecfcb7,bravo,1,human,924.1412649085986,91221.01959529941,632906.3236475126,0.7556739306696525,5.8147270219164735,12.384836249281042,0.06386877101510391,1.5,0.3333333333333333,1.7790390849113464
e76849c2-79f9-4536-a492-74839aad42a3,bravo,1,human,875.4392685706777,62430.84986687631,661052.106502559,0.8457432863523494,5.06638127032166,7.187670585787703,0.06824502574131006,1.5,0.3333333333333333,1.9709722399711609
fef77a17-ecb1-4945-8c04-d981051b2218,bravo,1,human,860.2693111693869,87063.28737749069,734928.1957835883,0.8121294763594602,5.225251035442025,7.005814599092337,0.060933694067757935,1.5,0.3333333333333333,1.7655650675296783
3eb37ac1-5642-4b95-b0ab-c08475146e1e,charlie,1,human,1299.7228214849883,221795.05881101394,568168.7164967882,0.7866010631370343,5.409747927526456,3.444706793068965,0.05825583452328054,1.5,0.6666666666666666,1.7581234872341156
836f2adf-97f5-4da5-b1ff-9d302d927204,alice,1,human,1070.1818629905836,128127.53125505599,649503.7193261673,0.8111065765743011,6.122940279222485,17.70659691550723,0.06452862587124794,1.5,0.6666666666666666,1.7826935350894928
1ac68ca1-9fa7-487d-abdd-feb92fc82261,charlie,1,human,1303.5545398320546,145309.17340889375,697555.368013397,0.595978577546134,6.345209831643293,7.47520617059934,0.059709053615412656,1.5,0.6666666666666666,1.5427004992961884
6bdec2e1-c380-4eee-a3aa-6e65a438a2e6,charlie,1,human,1300.1245613638337,166358.38853308052,544044.2554928798,0.7075651432775221,6.47619616065287,9.858676943774233,0.06180818777544524,1.5,0.6666666666666666,1.561767727136612
f195951e-e785-4e8c-b2ac-af290e2e9eb4,charlie,1,human,1408.5697975397395,236961.25116611432,613862.2364414714,0.6841229314725259,5.406421048359743,3.3699721044834954,0.0623288011080945,1.5,0.6666666666666666,1.8119474947452545
ccc05884-7615-4f69-989b-6922d3786c52,alice,1,human,1083.52417345345,89370.5800439423,684066.0759497664,0.6953091515334937,6.505609892327981,19.090821317037406,0.07149992561500791,1.5,0.6666666666666666,1.708104282617569
43527178-dd51-434d-b2bd-cceb595fae27,alice,1,human,1169.6894556446175,80764.72941303047,640596.0811169009,0.708358151072397,6.005218061474496,5.717518089013667,0.06522427748038517,1.5,0.6666666666666666,1.5986401438713074
ffd30817-ad91-49ac-8913-30feafb4938f,bravo,1,human,894.1888692629186,94255.69481607749,995399.4334745352,0.5660272242280487,6.339899210751691,14.080958501563266,0.06144782867693039,1.5,0.3333333333333333,1.7878443896770477
29688747-f2e5-4979-b1e2-253cc189f695,charlie,1,human,1445.7392562029188,220382.71994079484,557139.1338184311,0.6925152571632749,6.150580892905642,10.3067637207832,0.0596137643192652,1.5,0.6666666666666666,1.7012943923473358
cd683c33-7410-4614-8e68-d4a01136281e,alice,1,human,982.8240612800232,125188.39972490778,587782.9311922101,0.6572895259759594,5.981772915069724,18.038156021004912,0.07169773211088741,1.5,0.6666666666666666,1.7360365688800812
9bacf171-dcd2-4200-9bf0-6630b317916b,charlie,1,human,1233.665839506517,258980.96839317257,539568.863197656,0.7029225569139474,6.628623978933897,18.927311642649258,0.06375882483669776,1.5,0.6666666666666666,1.6551099717617035
31a4b028-a7bb-47b7-9a3e-dfc75f0a2237,alice,1,human,1072.298709761846,131816.58481063423,806352.6958520758,0.7399117072522404,6.80292498484821,31.723196031359294,0.06130691050505674,1.5,0.6666666666666666,1.7926132082939148
bc917d00-59cf-40f3-b42f-0fc4b0eccebd,charlie,1,human,1220.8328491623072,167515.42089448558,828887.4581373013,0.703735726189742,5.761275789982958,5.686370054069351,0.06501195001118766,1.5,0.6666666666666666,1.7907481491565704
8fead9d0-59fd-47e2-a59d-5c0bf97cb1e1,charlie,1,human,1344.990873546149,167261.84266737028,858920.0497459301,0.5975471684548765,6.881128014906793,14.056251805966163,0.0634403382390565,1.5,0.6666666666666666,1.5951842665672302
49590167-6398-4ab5-8229-a0a7f4ee712d,charlie,1,human,1229.755544046743,157208.48846822252,812828.0607828798,0.8048053788921392,6.157388500695112,11.559963032450208,0.06118531427476431,1.5,0.6666666666666666,1.762915849685669
83bf7589-12aa-4e6a-94b4-1fa9e729c16e,bravo,1,human,848.7553970817099,105921.55918162334,481008.9147189487,0.8071788440826891,6.392279477214012,21.161778365936826,0.06138590077809215,1.5,0.3333333333333333,1.6510953605175018
f1b4055f-60db-4424-8281-1cc62672fdeb,alice,1,human,1117.639238949054,144205.34901079762,689375.8884343139,0.8554436084889547,5.593792681792049,9.37783331085119,0.07349818666866663,1.5,0.6666666666666666,1.7850422859191895
53fb24b1-9f85-4b62-9bd5-b3bf4c4e7283,alice,1,human,1124.5247826440848,149044.66230180085,702661.9457004592,0.7419737863466878,6.390526357009432,12.855959080595511,0.06609941877939053,1.5,0.6666666666666666,1.5969281494617462
f7583d5c-db04-4817-a7ec-a10db637eb52,bravo,1,fast,1688.4862006415206,482637.2697512948,865098.3644321803,0.18074912292223805,11.896717140085808,20.30084473214139,0.02793544033527273,1.5,0.3333333333333333,0.5173123776912689
3ab08965-af9f-4ed2-905d-d5acd2049b3f,bravo,1,fast,1678.489573349605,487619.5160076432,721899.8156490716,0.20805410029612942,11.930917591352568,18.201407367628303,0.027110454753683382,1.5,0.3333333333333333,0.5073212385177612
00d91e81-67e8-4fb3-818e-6b40865dbadc,bravo,1,fast,1689.4545573869138,479524.0544096947,1004819.1093866855,0.18166848751658218,12.292726557755248,21.744713247595893,0.02433933272058647,1.5,0.3333333333333333,0.524356871843338
04fc2956-f88e-4c0d-9eae-79bbe9a7df7b,alice,1,fast,2062.6335770743367,735284.6150935402,841772.631686094,0.19858713504868197,12.49969515916212,19.787930014577775,0.023938463877786035,1.5,0.6666666666666666,0.48455244302749634
11c353a4-6687-4752-bc39-9aaa70678924,bravo,1,fast,1683.5811985997964,478841.95991093665,775100.3092459214,0.18355382730935113,11.999348775906293,17.569190166105958,0.024068725962222693,1.5,0.3333333333333333,0.46607086062431335
e7a74f5f-9ff8-4230-b3e4-d99459003666,charlie,1,fast,2415.3795698406243,1003789.3430912407,1181569.1175024975,0.20306332358822313,11.82773144119829,17.6159785305386,0.02496945005970331,1.5,0.3333333333333333,0.49750396609306335
68b2e21e-5577-494c-a661-1bc5f6ad19f1,charlie,1,fast,2425.922433097804,998779.894184016,796996.5175710716,0.12143355136191059,12.845045878947671,21.89226913102765,0.02312487471539076,1.5,0.3333333333333333,0.510226845741272
b6021e5f-3b63-47bb-ba79-37b43e2a1cf7,alice,1,fast,2063.9486428820283,728971.2609249452,889139.2853455653,0.17285845934019012,12.337589519170264,20.384327405317073,0.026255968403503156,1.5,0.6666666666666666,0.48844730854034424
6c6d9aeb-d51c-46b1-bdc8-e45e55b723fb,charlie,1,fast,2417.2770847102292,986085.0101103628,746790.3271495154,0.16571314513191868,12.121294918551852,19.351952229488496,0.025539556153038347,1.5,0.3333333333333333,0.4784998595714569
e82ac3f9-5943-45ab-bdd2-dd90b4ebf08d,bravo,1,fast,1690.3649998200017,481925.4108862317,963633.8126726535,0.19895445000303424,12.020667709120175,17.614740929642824,0.023337458732838018,1.5,0.3333333333333333,0.488471657037735
28f33b3a-7827-4ef2-b8ca-5a30f424134d,bravo,1,fast,1688.2469563301815,479116.54754571465,705412.2400865838,0.19271550389941286,11.543426605339215,15.408618658746002,0.027274229833540015,1.5,0.3333333333333333,0.5238049924373627
33684403-b8eb-4483-b265-53d5a1edc68c,charlie,1,fast,2424.9406722546423,992983.3585990969,791145.044767749,0.23333104104057537,11.68550602675134,18.561639025153436,0.024632620970447452,1.5,0.3333333333333333,0.4814731478691101
902aba0c-6948-452d-b775-7ec0152261a5,charlie,1,fast,2418.120303245362,999819.8134071728,516076.08967018593,0.19512486572646145,12.211006595582733,17.514723297196227,0.02346009594219376,1.5,0.3333333333333333,0.48698046803474426
dbbb064f-fc50-43f9-9b9e-975e8bd2f4fd,alice,1,fast,2068.6119866469803,722760.2022557955,1318023.1723657784,0.1715022326581294,11.993978671338732,19.44252132407874,0.02683965323086217,1.5,0.6666666666666666,0.46921390295028687
d070032b-ef11-4d90-96e3-84a8a654e741,alice,1,fast,2074.5175524336737,719924.2999428976,610246.8879330565,0.19393704218906754,12.784616264271488,24.47636610542044,0.02452341511598015,1.5,0.6666666666666666,0.4688018560409546
3aa323eb-c9d5-4df8-815d-8bc822a7e786,bravo,1,fast,1685.4906042646799,479153.33593774715,749350.0803548063,0.18357366390655783,11.812134036578428,19.444525484654843,0.02393483996927089,1.5,0.3333333333333333,0.5015865564346313
475c5e59-1251-4423-aa7c-4f01c175a5fb,charlie,1,fast,2414.1304734029736,997547.8669573425,745125.3669909697,0.18321918952068647,11.570869918506316,17.557271552556646,0.026233401295765842,1.5,0.3333333333333333,0.46616268157958984
d32340a3-23b9-4b9e-813a-f6bf0e97d727,bravo,1,fast,1687.2957013159692,477995.35147043056,583243.4091996833,0.20331208827219005,13.41403956969249,26.162062763832232,0.020805828009494848,1.5,0.3333333333333333,0.5830032825469971
32a47855-8ff7-4501-bd64-6f9e51ae6ea3,bravo,1,fast,1686.8466758172049,482712.6086374448,730040.8658054278,0.1719425999964098,13.15726794605434,25.134718247329964,0.022808062876549465,1.5,0.3333333333333333,0.5151923298835754
ba0a5a1b-edc4-4a40-826b-c71e32844596,charlie,1,fast,2419.6071967571274,993164.5786970628,515813.8510969075,0.21084286604470115,11.99993210276404,19.409204033563555,0.026792771754793093,1.5,0.3333333333333333,0.4575769603252411
8e4f3ae6-c84d-4199-be40-b3bf091bb8dd,alice,1,fast,2066.6681910991,720452.0981472491,761825.7700639826,0.1791866350300681,12.456674919723365,19.68265120719403,0.022807657956473496,1.5,0.6666666666666666,0.45434463024139404
29a7947a-0304-4028-9b17-92e148838b71,alice,1,fast,2072.4372615723364,713044.5102796517,898387.587484774,0.17586834590844733,12.995276120503812,32.294798254546706,0.023436211203936904,1.5,0.6666666666666666,0.5248696804046631
0dee72c4-2c9e-4c27-b2a5-eca33fc217ae,bravo,1,fast,1686.9237349541024,488907.1656855733,1042916.4255414152,0.21066006251417743,12.245136519629318,22.518030193454074,0.02775923685148157,1.5,0.3333333333333333,0.46852877736091614
fc76a26c-1cad-4fd1-a51b-0d2dd8f06a18,bravo,1,fast,1687.053547004113,484972.24627085496,814194.6109540744,0.17513339849606163,13.313061012546072,26.926815237774903,0.02204413554841809,1.5,0.3333333333333333,0.5351296365261078
ba9c22a9-d36d-4e27-80b5-bf80b1fab9b7,bravo,1,fast,1685.0100087987134,483874.1549696871,631192.4320358702,0.16851900331277359,12.397791028683027,18.846922945890174,0.022806091293667383,1.5,0.3333333333333333,0.4857814311981201
8b64abdf-7e2d-4604-9dbe-92a60f721992,alice,1,fast,2064.7488311699135,725994.5840970434,697140.8320054153,0.19398858558710785,11.53796095739534,16.24561346078541,0.029082453090144303,1.5,0.6666666666666666,0.482771635055542
daa1de55-31ed-4200-8f64-3302f30b353f,alice,1,fast,2075.1792809070803,718667.1344925534,1233377.8075982027,0.14952710575084247,12.419635540428976,20.778282038176368,0.02333013207550692,1.5,0.6666666666666666,0.5435652136802673
2aa1a008-52c9-4c2e-91c2-f6efca50fec9,alice,1,fast,2067.031689571862,706749.175432075,1100530.0152249779,0.1784448400672258,12.2097026100912,20.39264639262221,0.026045317803925785,1.5,0.6666666666666666,0.5236815512180328
a5f1fca8-ebdd-4e46-b7b7-acb6cbf8b7b7,charlie,1,fast,2429.8240954627026,982543.3313407829,856146.4001174163,0.18887668875131525,12.479797262236566,23.79768797446645,0.022178210213656048,1.5,0.3333333333333333,0.4736180603504181
75e0c686-09f7-4af2-a199-fb06911f70a4,bravo,1,fast,1688.108924845796,479341.5604398448,752790.9343672799,0.1887084015269465,12.475667433582885,21.179846836999687,0.023643773232655877,1.5,0.3333333333333333,0.5700954794883728
5153be8b-afe6-455c-be14-aa4adac6d041,charlie,1,fast,2421.543161725777,987442.1761899553,858014.6251211886,0.18719796517723006,12.457904545521695,19.137580471526977,0.023109253526361045,1.5,0.3333333333333333,0.4875534176826477
2d9493cb-7a2f-4e61-8ecb-05a46ba10a4f,charlie,1,fast,2427.149808748578,980655.8005351741,698253.3361828631,0.19182836978012965,12.50842215948121,25.916989751540715,0.02379017623018044,1.5,0.3333333333333333,0.47245892882347107
759dcd08-8ecb-4222-b9ec-83a0cc7afb00,bravo,1,fast,1683.6450241279447,482537.43447554216,571150.9211381158,0.16625566588013796,12.427847346280851,25.5446376040024,0.02352586885471476,1.5,0.3333333333333333,0.5179047584533691
63f79d4b-a925-417e-914e-588085862bb8,bravo,1,fast,1689.360871138589,481652.22527409083,1193817.2942256324,0.20859888580917985,12.97780431863461,25.502002998183876,0.022554516398318635,1.5,0.3333333333333333,0.4802703559398651
f9eb0b5d-b312-46bc-a9df-2f95886f35fe,alice,1,fast,2070.813495981777,719537.7381281519,384913.34648840583,0.20054476706734736,12.287670596602867,20.75055788418791,0.02491712706581096,1.5,0.6666666666666666,0.5151981711387634
c86a04f3-acab-427f-bba2-0ffb0a12ac0d,charlie,1,fast,2413.092182586279,994139.6083996247,724106.2405937894,0.17049211197554212,12.388819126517422,22.900187201645036,0.025267256001884016,1.5,0.3333333333333333,0.4804801344871521
2fd47fce-f89d-4fbe-a0fd-f40618daa844,charlie,1,fast,2419.0797115046103,999715.7678429311,666048.4043602452,0.1859895827992866,12.043596467938965,22.610114311304827,0.02604407933521554,1.5,0.3333333333333333,0.5072931051254272
18030c3c-3492-461e-8752-e3901a679c0e,alice,1,fast,2069.530919482294,738675.4179881298,695291.0420969584,0.12407628429346786,13.286742659461117,23.008041833102503,0.021663523091110342,1.5,0.6666666666666666,0.4854471683502197
36146ed5-26ec-41b6-8bb6-a1e4cb36909a,charlie,1,fast,2417.01915322103,986577.3358983283,810874.9320007218,0.21016003239092437,12.43190219343307,18.652520972990207,0.02216751127295658,1.5,0.3333333333333333,0.4351305365562439
7c4082a3-5084-45ad-b7ce-1c38978c2bbe,alice,1,fast,2065.546313462666,732058.7047103676,938821.7596317608,0.18038624947361856,12.863792288186605,23.268293702540245,0.023676272919226405,1.5,0.6666666666666666,0.487209290266037
